grade,sensor,short_name,level,format,daac,s3_region,consolidated_md,grid_aligned,chunk_aligned,time_dim,chunk_shape,chunk_mb,n_granules,volume_tb,dmrpp,blocker,chunk_shape_stable,concat_ok,cf_stable,headline_var,n_data_vars,n_comparable_vars,chunk_evidence,concat_evidence,md_evidence,grid_evidence,size_evidence,time_evidence,sample_differs,pinned_to,difference_kept_because,orbit_dirs,n_probed,n_attempted,n_sampled,unopened
A,AVHRR,AVHRR_OI-NCEI-L4-GLOB-v2.1,L4,netCDF-4,NASA/JPL/PODAAC,us-west-2,yes,yes,yes,yes,1×720×1440,0.67,3915,0.004,yes,no blocker,yes,yes,yes,analysed_sst,4,4,one chunk shape per variable across 4 variables in 4 granules,granule shapes identical; concatenates on a new or length-one axis,"median 1 blocks in 1 runs, 100% leading",identical grid across granules — measured lat/lon on 2 granules; step 0.25,analysed_sst: median stored chunk 0.67 MB in 1 chunks,"dimension ""time""",,,,,4,4,4,
A,GLDAS (model),GLDAS_NOAH025_3H,L4,NetCDF,NASA/GSFC/SED/ESD/TISL/GESDISC,us-west-2,partial,yes,yes,yes,1×600×1440,0.453,77423,1.604,yes,no blocker,yes,yes,yes,Albedo_inst,36,36,one chunk shape per variable across 36 variables in 4 granules,granule shapes identical; concatenates on a new or length-one axis,"median 11 blocks in 1 runs, 52% leading",identical grid across granules — measured lat/lon on 2 granules; step 0.25,Albedo_inst: median stored chunk 0.453 MB in 1 chunks,"dimension ""time""",,,,,4,4,4,
A,GPM/DPR+GMI,GPM_3IMERGDF,L3,NetCDF,NASA/GSFC/SED/ESD/TISL/GESDISC,us-west-2,partial,yes,yes,yes,1×3600×900,2.622,10135,0.303,yes,no blocker,yes,yes,yes,MWprecipitation,9,9,one chunk shape per variable across 9 variables in 4 granules,granule shapes identical; concatenates on a new or length-one axis,"median 4 blocks in 4 runs, 22% leading",identical grid across granules — measured lat/lon on 2 granules; step 0.1,MWprecipitation: median stored chunk 2.622 MB in 2 chunks,"dimension ""time""",,,,,4,4,4,
A,GPM/DPR+GMI,GPM_3IMERGHH,L3,HDF5,NASA/GSFC/SED/ESD/TISL/GESDISC,us-west-2,partial,yes,yes,yes,1×145×1800,0.052,486480,3.851,yes,no blocker,yes,yes,yes,Grid/Intermediate/IRprecipitation,12,12,one chunk shape per variable across 12 variables in 4 granules,granule shapes identical; concatenates on a new or length-one axis,"median 6 blocks in 3 runs, 17% leading",identical grid across granules — measured Grid/lat/Grid/lon on 2 granules; step 0.099991,Grid/Intermediate/IRprecipitation: median stored chunk 0.052 MB in 25 chunks,"dimension ""grid/time""",,,,,4,4,4,
A,GRACE,TELLUS_GRAC_L3_JPL_RL06_LND_v04,L3,netCDF-4,NASA/JPL/PODAAC,us-west-2,yes,yes,yes,yes,1×180×360,0.518,163,0.0,yes,no blocker,yes,yes,yes,lwe_thickness,2,2,one chunk shape per variable across 2 variables in 4 granules,granule shapes identical; concatenates on a new or length-one axis,"median 2 blocks in 1 runs, 50% leading",identical grid across granules — measured lat/lon on 2 granules; step 1.0,lwe_thickness: median stored chunk 0.518 MB in 1 chunks,"dimension ""time""",,,,,4,4,4,
A,NLDAS (model),NLDAS_FORA0125_H,L4,NetCDF,NASA/GSFC/SED/ESD/TISL/GESDISC,us-west-2,yes,yes,yes,yes,1×224×464,0.092,418259,0.738,yes,no blocker,yes,yes,yes,CAPE,11,11,one chunk shape per variable across 11 variables in 4 granules,granule shapes identical; concatenates on a new or length-one axis,"median 2 blocks in 1 runs, 50% leading",identical grid across granules — measured lat/lon on 2 granules; step 0.125,CAPE: median stored chunk 0.092 MB in 1 chunks,"dimension ""time""",,,,,4,4,4,
A,multi-sensor (OSTIA),OSTIA-UKMO-L4-GLOB-REP-v2.0,L4,netCDF-4,NASA/JPL/PODAAC,us-west-2,yes,yes,yes,yes,1×1200×2400,1.229,15340,0.245,yes,no blocker,yes,yes,yes,analysed_sst,4,4,one chunk shape per variable across 4 variables in 4 granules,granule shapes identical; concatenates on a new or length-one axis,"median 1 blocks in 1 runs, 100% leading",identical grid across granules — measured lat/lon on 2 granules; step 0.049995,analysed_sst: median stored chunk 1.229 MB in 9 chunks,"dimension ""time""",,,,,4,4,4,
B,CERES,CERES_EBAF-TOA,L4,netCDF-3,NASA/LARC/SD/ASDC,us-west-2,—,yes,yes,yes,1×180×360,0.259,2,0.002,no,P-md: not measured (parser bypasses the instrumented reader),yes,yes,yes,cldarea_total_daynight_mon,68,68,one chunk shape per variable across 68 variables in 2 granules,varying axis lengths are whole multiples of the chunk,not measured (parser bypasses the instrumented reader),identical grid across granules — measured lat/lon on 2 granules; step 1.0,cldarea_total_daynight_mon: median stored chunk 0.259 MB in 316 chunks,"dimension ""time""",,,,,2,2,2,
B,Daymet (model),Daymet_Daily_V4R1_2129,L4,netCDF-4,ORNL_DAAC,us-west-2,partial,yes,yes,yes,1×231×364,0.026,1176,0.012,yes,P-sz: tmin: median stored chunk 0.026 MB in 365 chunks — latency-bound,yes,yes,yes,tmin,1,1,one chunk shape per variable across 1 variables in 4 granules,granule shapes identical; concatenates on a new or length-one axis,"median 4 blocks in 2 runs, 56% leading",identical grid across granules — measured x/y on 2 granules; step -1000.0,tmin: median stored chunk 0.026 MB in 365 chunks — latency-bound,"dimension ""time""",,"the Puerto Rico region, tmin variable",,,4,4,4,
B,ICESat-2/ATLAS,ATL15,L3,netCDF-4,NASA NSIDC DAAC,us-west-2,no,—,—,yes,44×112×132,0.963,80,0.008,no,"H2: no data array appears in two opened granules; H3: no data array appears in two opened granules; G: coordinates read for one granule only, so no cross-granule comparison — measured delta_h/x/delta_h/y/tile_stats/x/tile_stats/y on 1 granules; step 10000.0; P-md: median 29 blocks in 21 runs, 3% leading",—,—,—,delta_h/delta_h,48,0,no data array appears in two opened granules,no data array appears in two opened granules,"median 29 blocks in 21 runs, 3% leading","coordinates read for one granule only, so no cross-granule comparison — measured delta_h/x/delta_h/y/tile_stats/x/tile_stats/y on 1 granules; step 10000.0",delta_h/delta_h: median stored chunk 0.963 MB in 8 chunks,"dimension ""time""",,"region A1, monthly, 10 km",,,1,1,1,
B,ISS/ECOSTRESS,ECO_L2T_LSTE,L2,COG,LP DAAC,us-west-2,yes,yes,yes,no,512×512,0.002,3934771,7.611,no,T: file declares no dimension names; P-sz: band: median stored chunk 0.002 MB in 16 chunks — latency-bound,yes,yes,yes,band,1,1,one chunk shape per variable across 1 variables in 4 granules,granule shapes identical; concatenates on a new or length-one axis,"median 1 blocks in 1 runs, 100% leading","one origin in EPSG:32641, 70 m pixel",band: median stored chunk 0.002 MB in 16 chunks — latency-bound,file declares no dimension names,,MGRS tile 41SPS,,,4,4,4,
B,ISS/EMIT,EMITL1BRAD,L1B,netCDF-4,LP DAAC,us-west-2,partial,no,—,no,1280×1242×11,69.949,8923,0.971,yes,"H2: chunk shape differs for smaller variables (2 of 4 variables — location/glt_x: [1890, 2062] vs [1890, 2070] vs [952, 1101] vs [951, 1105]); obs is stable, so a cube over it is available; T: no time dimension",partial,yes,yes,obs,4,4,"chunk shape differs for smaller variables (2 of 4 variables — location/glt_x: [1890, 2062] vs [1890, 2070] vs [952, 1101] vs [951, 1105]); obs is stable, so a cube over it is available",granule shapes identical; concatenates on a new or length-one axis,"median 5 blocks in 5 runs, 20% leading","swath geometry: granules agree on spatial_ref, which names a coordinate system without giving an origin or cell size",obs: median stored chunk 69.949 MB in 1 chunks,no time dimension,,,,,4,4,4,
B,ISS/EMIT,EMITL2ARFL,L2A,netCDF-4,LP DAAC,us-west-2,partial,no,—,no,1280×1242×285,1812.326,8755,16.43,yes,"H2: chunk shape differs for smaller variables (2 of 8 variables — location/glt_x: [1890, 2062] vs [1890, 2070] vs [952, 1101] vs [951, 1105]); reflectance is stable, so a cube over it is available; T: no time dimension",partial,yes,yes,reflectance,8,8,"chunk shape differs for smaller variables (2 of 8 variables — location/glt_x: [1890, 2062] vs [1890, 2070] vs [952, 1101] vs [951, 1105]); reflectance is stable, so a cube over it is available",granule shapes identical; concatenates on a new or length-one axis,"median 6 blocks in 5 runs, 82% leading","swath geometry: granules agree on spatial_ref, which names a coordinate system without giving an origin or cell size",reflectance: median stored chunk 1812.326 MB in 1 chunks,no time dimension,,,,,4,4,4,
B,ISS/GEDI,GEDI02_A,L2A,HDF5,LP DAAC,us-west-2,no,no,—,partial,596×13,0.0,96864,3.096,no,"H2: no data array appears in two opened granules; H3: no data array appears in two opened granules; T: time variable ""beam0000/delta_time"" but no time dimension; P-md: median 128 blocks in 22 runs, 7% leading; P-sz: BEAM0010/rh: median stored chunk 0.0 MB in 128 chunks — latency-bound",—,—,—,BEAM0010/rh,1684,0,no data array appears in two opened granules,no data array appears in two opened granules,"median 128 blocks in 22 runs, 7% leading","swath geometry: no projected grid, geolocation is a per-pixel array",BEAM0010/rh: median stored chunk 0.0 MB in 128 chunks — latency-bound,"time variable ""beam0000/delta_time"" but no time dimension","O01753, O37238, T01683, T09057",,"the orbit and track numbers index position along the record, not a partition",,1,2,4,chunk index could not be read within the probe budget — exceeded the 480 s probe budget for one granule; not attempted: an earlier granule exhausted the probe budget
B,Landsat 8-9/OLI,HLSL30,L3,COG,LP DAAC,us-west-2,yes,partial,yes,no,256×256,0.057,16032812,313.955,no,"G: 2 projections across 2 tile origins (EPSG:32659, ProjectionGeoKey:16059) — one grid per tile, each internally on a 30 m lattice; T: file declares no dimension names",yes,yes,yes,band,1,1,one chunk shape per variable across 1 variables in 4 granules,granule shapes identical; concatenates on a new or length-one axis,"median 1 blocks in 1 runs, 100% leading","2 projections across 2 tile origins (EPSG:32659, ProjectionGeoKey:16059) — one grid per tile, each internally on a 30 m lattice",band: median stored chunk 0.057 MB in 225 chunks,file declares no dimension names,,MGRS tile T59WNT,,,4,4,4,
B,NISAR/L-SAR,NISAR_L2_GCOV_PROVISIONAL_V1,L2,CSV+HDF5+KML+PDF+PNG+XML+YAML,ASF,us-west-2,partial,yes,yes,partial,512×512,0.526,120156,849.191,no,"T: time variable ""science/lsar/gcov/metadata/attitude/time"" but no time dimension",yes,yes,yes,science/LSAR/GCOV/grids/frequencyA/HHHH,12,12,one chunk shape per variable across 12 variables in 4 granules,granule shapes identical; concatenates on a new or length-one axis,"median 7 blocks in 6 runs, 43% leading","shared grid attributes (false_easting,false_northing,grid_mapping,grid_mapping_name,inverse_flattening,latitude_of_projection_origin,longitude_of_central_meridian,semi_major_axis,spatial_ref)",science/LSAR/GCOV/grids/frequencyA/HHHH: median stored chunk 0.526 MB in 4556 chunks,"time variable ""science/lsar/gcov/metadata/attitude/time"" but no time dimension","F, N, P","track 004 ascending, frame 018, DHDH polarization","the mode and frame-coverage flags differ between acquisitions of one frame, which the fixed frame grid absorbs; the frame itself is pinned",,4,4,4,
B,NISAR/L-SAR,NISAR_L2_GSLC_PROVISIONAL_V1,L2,CSV+HDF5+KML+PDF+PNG+XML+YAML,ASF,us-west-2,partial,yes,yes,partial,512×512,1.003,119395,2655.13,no,"T: time variable ""science/lsar/gslc/metadata/attitude/time"" but no time dimension",yes,yes,yes,science/LSAR/GSLC/grids/frequencyA/HH,8,8,one chunk shape per variable across 8 variables in 4 granules,granule shapes identical; concatenates on a new or length-one axis,"median 9 blocks in 4 runs, 56% leading","shared grid attributes (false_easting,false_northing,grid_mapping,grid_mapping_name,inverse_flattening,latitude_of_projection_origin,longitude_of_central_meridian,semi_major_axis,spatial_ref)",science/LSAR/GSLC/grids/frequencyA/HH: median stored chunk 1.003 MB in 10725 chunks,"time variable ""science/lsar/gslc/metadata/attitude/time"" but no time dimension","F, N, P","track 004 ascending, frame 018, DHDH polarization","the mode and frame-coverage flags differ between acquisitions of one frame, which the fixed frame grid absorbs; the frame itself is pinned",,4,4,4,
B,NISAR/L-SAR,NISAR_L2_GUNW_PROVISIONAL_V1,L2,CSV+HDF5+KML+PDF+PNG+XML+YAML,ASF,us-west-2,partial,yes,yes,partial,512×512,0.009,66606,89.816,no,"T: time variable ""science/lsar/gunw/metadata/attitude/reference/time"" but no time dimension; P-sz: science/LSAR/GUNW/grids/frequencyA/wrappedInterferogram/HH/wrappedInterferogram: median stored chunk 0.009 MB in 1056 chunks — latency-bound",yes,yes,yes,science/LSAR/GUNW/grids/frequencyA/wrappedInterferogram/HH/wrappedInterferogram,13,13,one chunk shape per variable across 13 variables in 4 granules,granule shapes identical; concatenates on a new or length-one axis,"median 7 blocks in 7 runs, 29% leading","shared grid attributes (false_easting,false_northing,grid_mapping,grid_mapping_name,inverse_flattening,latitude_of_projection_origin,longitude_of_central_meridian,semi_major_axis,spatial_ref)",science/LSAR/GUNW/grids/frequencyA/wrappedInterferogram/HH/wrappedInterferogram: median stored chunk 0.009 MB in 1056 chunks — latency-bound,"time variable ""science/lsar/gunw/metadata/attitude/reference/time"" but no time dimension",,"track 036 ascending, frame 163, across cycle pairs",,,4,4,4,
B,NISAR/L-SAR,NISAR_L3_SME2_PROVISIONAL_V1,L3,HDF5+XML+YAML,ASF,us-west-2,yes,yes,yes,no,512×512,0.007,76624,8.436,no,T: no time dimension; P-sz: science/LSAR/SME2/grids/algorithmCandidates/DSG/algorithmParameterBeta: median stored chunk 0.007 MB in 16 chunks — latency-bound,yes,yes,yes,science/LSAR/SME2/grids/algorithmCandidates/DSG/algorithmParameterBeta,43,43,one chunk shape per variable across 43 variables in 4 granules,granule shapes identical; concatenates on a new or length-one axis,"median 2 blocks in 2 runs, 100% leading","shared grid attributes (false_easting,false_northing,grid_mapping,grid_mapping_name,inverse_flattening,latitude_of_projection_origin,longitude_of_central_meridian,semi_major_axis,spatial_ref,standard_parallel)",science/LSAR/SME2/grids/algorithmCandidates/DSG/algorithmParameterBeta: median stored chunk 0.007 MB in 16 chunks — latency-bound,no time dimension,"F, N, P","track 004 ascending, frame 018, DHDH polarization","the mode and frame-coverage flags differ between acquisitions of one frame, which the fixed frame grid absorbs; the frame itself is pinned",,4,4,4,
B,PACE/OCI,PACE_OCI_L3M_BGC,L3,netCDF-4,NASA/GSFC/SED/ESD/GCDC/OB.DAAC,us-west-2,partial,yes,yes,no,16×1024,0.003,2000,0.082,no,T: no time dimension; P-sz: carbon_phyto: median stored chunk 0.003 MB in 2430 chunks — latency-bound,yes,yes,yes,carbon_phyto,4,4,one chunk shape per variable across 4 variables in 4 granules,granule shapes identical; concatenates on a new or length-one axis,"median 40 blocks in 1 runs, 3% leading",identical grid across granules — measured lat/lon on 2 granules; step -0.041664,carbon_phyto: median stored chunk 0.003 MB in 2430 chunks — latency-bound,no time dimension,,daily composite at 4 km,,,4,4,4,
B,SMAP/L-band radiometer,SMAP_JPL_L3_SSS_CAP_MONTHLY_V5,L3,netCDF-4,NASA/JPL/PODAAC,us-west-2,partial,yes,yes,partial,720×1440,1.115,135,0.001,yes,"T: ""time"" is a time coordinate, but no data array is laid out on it, so a time axis has to be added when the store is built",yes,yes,yes,anc_sss,9,9,one chunk shape per variable across 9 variables in 4 granules,granule shapes identical; concatenates on a new or length-one axis,"median 10 blocks in 2 runs, 11% leading",identical grid across granules — measured latitude/longitude on 2 granules; step -0.25,anc_sss: median stored chunk 1.115 MB in 1 chunks,"""time"" is a time coordinate, but no data array is laid out on it, so a time axis has to be added when the store is built",,,,,4,4,4,
B,SMAP/L-band radiometer,SPL3SMP,L3,HDF5,NASA NSIDC DAAC,us-west-2,partial,—,—,partial,1×964×3,0.001,4108,0.13,yes,"G: no projection attribute or spatial coordinate array reached the probe, so the grid is unmeasured, not absent; T: time variable ""soil_moisture_retrieval_data_am/tb_time_seconds"" but no time dimension; P-sz: Soil_Moisture_Retrieval_Data_AM/landcover_class_fraction: median stored chunk 0.001 MB in 406 chunks — latency-bound",yes,yes,yes,Soil_Moisture_Retrieval_Data_AM/landcover_class_fraction,102,102,one chunk shape per variable across 102 variables in 4 granules,granule shapes identical; concatenates on a new or length-one axis,"median 30 blocks in 1 runs, 3% leading","no projection attribute or spatial coordinate array reached the probe, so the grid is unmeasured, not absent",Soil_Moisture_Retrieval_Data_AM/landcover_class_fraction: median stored chunk 0.001 MB in 406 chunks — latency-bound,"time variable ""soil_moisture_retrieval_data_am/tb_time_seconds"" but no time dimension",,,,,4,4,4,
B,SMAP/L-band radiometer,SPL4SMGP,L4,HDF5,NASA NSIDC DAAC,us-west-2,no,yes,yes,partial,1624×3856,1.455,33528,4.968,yes,"T: time variable ""time"" but no time dimension; P-md: median 32 blocks in 28 runs, 9% leading",yes,yes,yes,Geophysical_Data/baseflow_flux,45,45,one chunk shape per variable across 45 variables in 4 granules,granule shapes identical; concatenates on a new or length-one axis,"median 32 blocks in 28 runs, 9% leading",identical grid across granules — measured x/y on 2 granules; step -9008.055664,Geophysical_Data/baseflow_flux: median stored chunk 1.455 MB in 1 chunks,"time variable ""time"" but no time dimension","Vv8010, Vv8011",,"the two processing versions are both part of the record, and whether a cube spans a version change is the question rather than a nuisance to remove",,4,4,4,
B,SWOT/KaRIn,SWOT_L2_HR_Raster_2.0,L2,netCDF-4,NASA/JPL/PODAAC,us-west-2,no,yes,yes,partial,518×518,0.281,1556453,78.075,no,"T: time variable ""illumination_time"" but no time dimension; P-md: median 32 blocks in 16 runs, 3% leading",yes,yes,yes,illumination_time,36,36,one chunk shape per variable across 36 variables in 4 granules,granule shapes identical; concatenates on a new or length-one axis,"median 32 blocks in 16 runs, 3% leading",identical grid across granules — measured x/y on 2 granules; step 100.0,illumination_time: median stored chunk 0.281 MB in 9 chunks,"time variable ""illumination_time"" but no time dimension",,"100 m raster, UTM zone 10T, pass 013, scene 114F — a calibration-orbit scene, so the sample covers 2023 alone",,,4,4,4,
B,Sentinel-1/C-SAR (OPERA),OPERA_L2_RTC-S1_V1,L2,GeoTIFF+HDF5+XML,ASF,us-west-2,yes,yes,yes,no,512×512,0.044,74657047,508.18,no,T: file declares no dimension names; P-sz: band: median stored chunk 0.044 MB in 28 chunks — latency-bound,yes,yes,yes,band,1,1,one chunk shape per variable across 1 variables in 4 granules,granule shapes identical; concatenates on a new or length-one axis,"median 1 blocks in 1 runs, 100% leading","one origin in EPSG:32616, 30 m pixel",band: median stored chunk 0.044 MB in 28 chunks — latency-bound,file declares no dimension names,"S1A, S1C","track 063, burst 133239, subswath IW1","a burst is imaged by whichever Sentinel-1 satellite is overhead, so the platform changes within one cube by construction",,4,4,4,
B,Sentinel-1/C-SAR (OPERA),OPERA_L3_DSWX-HLS_V1,L3,COG,NASA/JPL/PODAAC,us-west-2,yes,yes,yes,no,512×512,0.001,20930812,3.054,no,T: file declares no dimension names; P-sz: band: median stored chunk 0.001 MB in 64 chunks — latency-bound,yes,yes,yes,band,1,1,one chunk shape per variable across 1 variables in 4 granules,granule shapes identical; concatenates on a new or length-one axis,"median 1 blocks in 1 runs, 100% leading","one origin in EPSG:32656, 30 m pixel",band: median stored chunk 0.001 MB in 64 chunks — latency-bound,file declares no dimension names,"S2A, S2B",MGRS tile T56LPN,"the product fuses Sentinel-2 and Landsat, so the platform changes within one cube by construction",,4,4,4,
B,Sentinel-2/MSI,HLSS30,L3,COG,LP DAAC,us-west-2,yes,yes,yes,no,256×256,0.001,21959038,7.627,no,T: file declares no dimension names; P-sz: band: median stored chunk 0.001 MB in 225 chunks — latency-bound,yes,yes,yes,band,1,1,one chunk shape per variable across 1 variables in 4 granules,granule shapes identical; concatenates on a new or length-one axis,"median 1 blocks in 1 runs, 100% leading","one origin in EPSG:32655, 30 m pixel",band: median stored chunk 0.001 MB in 225 chunks — latency-bound,file declares no dimension names,,MGRS tile T55JFH,,,4,4,4,
B,Suomi-NPP/VIIRS,VNP02MOD,L1B,netCDF-4,NASA/GSFC/SED/ESD/HBSL/BISB/LAADS,us-west-2,no,no,—,partial,16×3200,0.041,1267247,86.525,no,"H2: chunk shape differs for smaller variables (2 of 42 variables — number_of_lines: [3248] vs [3232]); observation_data/M13 is stable, so a cube over it is available; T: time variable ""scan_line_attributes/ev_mid_time"" but no time dimension; P-md: median 36 blocks in 17 runs, 8% leading; P-sz: observation_data/M13: median stored chunk 0.041 MB in 202 chunks — latency-bound",partial,yes,yes,observation_data/M13,42,42,"chunk shape differs for smaller variables (2 of 42 variables — number_of_lines: [3248] vs [3232]); observation_data/M13 is stable, so a cube over it is available",varying axis lengths are whole multiples of the chunk,"median 36 blocks in 17 runs, 8% leading","swath geometry: no projected grid, geolocation is a per-pixel array",observation_data/M13: median stored chunk 0.041 MB in 202 chunks — latency-bound,"time variable ""scan_line_attributes/ev_mid_time"" but no time dimension",,,,,4,4,4,
B,TEMPO,TEMPO_NO2_L3,L3,netCDF-4,NASA/LARC/SD/ASDC,us-west-2,no,yes,yes,yes,1×738×1938,1.068,17074,12.662,yes,"P-md: median 50 blocks in 46 runs, 4% leading",yes,yes,yes,product/vertical_column_stratosphere,36,36,one chunk shape per variable across 36 variables in 4 granules,granule shapes identical; concatenates on a new or length-one axis,"median 50 blocks in 46 runs, 4% leading",identical grid across granules — measured latitude/longitude on 2 granules; step 0.02,product/vertical_column_stratosphere: median stored chunk 1.068 MB in 16 chunks,"dimension ""time""","S001, S002, S003, S004",,the scan number is the time step; every scan is the same CONUS grid,,4,4,4,
B,Terra+Aqua/MODIS,MCD43A3,L3,HDF-EOS2,LP DAAC,us-west-2,—,—,—,no,100×2400,0.218,2981668,291.993,no,"P-md: not measured (parser bypasses the instrumented reader); G: no projection attribute or spatial coordinate array reached the probe, so the grid is unmeasured, not absent; T: no time dimension",yes,yes,yes,Albedo_BSA_Band1,30,30,one chunk shape per variable across 30 variables in 4 granules,granule shapes identical; concatenates on a new or length-one axis,not measured (parser bypasses the instrumented reader),"no projection attribute or spatial coordinate array reached the probe, so the grid is unmeasured, not absent",Albedo_BSA_Band1: median stored chunk 0.218 MB in 24 chunks,no time dimension,,sinusoidal tile h08v05,,,4,4,4,
B,Terra/MODIS,MOD021KM,L1B,NetCDF-4,NASA/GSFC/SED/ESD/HBSL/BISB/LAADS,us-west-2,partial,no,—,no,6×2030×1354,17.82,2757014,164.393,no,T: no time dimension,yes,yes,yes,HDFEOS/SWATHS/MODIS_SWATH_Type_L1B/Data Fields/EV_1KM_Emissive,37,37,one chunk shape per variable across 37 variables in 4 granules,granule shapes identical; concatenates on a new or length-one axis,"median 5 blocks in 4 runs, 20% leading","swath geometry: no projected grid, geolocation is a per-pixel array",HDFEOS/SWATHS/MODIS_SWATH_Type_L1B/Data Fields/EV_1KM_Emissive: median stored chunk 17.82 MB in 3 chunks,no time dimension,,,,,4,4,4,
B,Terra/MODIS,MOD10A1,L3,HDF-EOS2,NASA NSIDC DAAC,us-west-2,—,—,—,no,2400×2400,NaN,2927249,21.037,no,"H2: one chunk shape per variable across 7 variables in 4 granules, but each granule is one chunk spanning its whole array, which pins the cube's chunk shape to these exact dimensions, and the grid went unmeasured, so whether every granule carries these dimensions is unestablished rather than observed; P-sz: NDSI: no stored chunk length the format could produce, so the parser did not record one; P-md: not measured (parser bypasses the instrumented reader); G: no projection attribute or spatial coordinate array reached the probe, so the grid is unmeasured, not absent; T: no time dimension",partial,yes,yes,NDSI,7,7,"one chunk shape per variable across 7 variables in 4 granules, but each granule is one chunk spanning its whole array, which pins the cube's chunk shape to these exact dimensions, and the grid went unmeasured, so whether every granule carries these dimensions is unestablished rather than observed",granule shapes identical; concatenates on a new or length-one axis,not measured (parser bypasses the instrumented reader),"no projection attribute or spatial coordinate array reached the probe, so the grid is unmeasured, not absent","NDSI: no stored chunk length the format could produce, so the parser did not record one",no time dimension,,sinusoidal tile h08v05,,,4,4,4,
B,Terra/MODIS,MOD11A1,L3,HDF-EOS2,LP DAAC,us-west-2,—,—,—,no,1200×1200,0.78,3044695,11.149,yes,"H2: one chunk shape per variable across 12 variables in 4 granules, but each granule is one chunk spanning its whole array, which pins the cube's chunk shape to these exact dimensions, and the grid went unmeasured, so whether every granule carries these dimensions is unestablished rather than observed; P-md: not measured (parser bypasses the instrumented reader); G: no projection attribute or spatial coordinate array reached the probe, so the grid is unmeasured, not absent; T: ""day_view_time_x"" is declared by one array only, so it is a per-array name rather than a shared time dimension",partial,yes,yes,Clear_day_cov,12,12,"one chunk shape per variable across 12 variables in 4 granules, but each granule is one chunk spanning its whole array, which pins the cube's chunk shape to these exact dimensions, and the grid went unmeasured, so whether every granule carries these dimensions is unestablished rather than observed",granule shapes identical; concatenates on a new or length-one axis,not measured (parser bypasses the instrumented reader),"no projection attribute or spatial coordinate array reached the probe, so the grid is unmeasured, not absent",Clear_day_cov: median stored chunk 0.78 MB in 1 chunks,"""day_view_time_x"" is declared by one array only, so it is a per-array name rather than a shared time dimension",,sinusoidal tile h08v05,,,4,4,4,
B,Terra/MODIS,MOD13Q1,L3,HDF-EOS2,LP DAAC,us-west-2,—,—,—,no,1×4800,0.006,177776,38.462,yes,"P-md: not measured (parser bypasses the instrumented reader); G: no projection attribute or spatial coordinate array reached the probe, so the grid is unmeasured, not absent; T: no time dimension; P-sz: 250m 16 days EVI: median stored chunk 0.006 MB in 4800 chunks — latency-bound",yes,yes,yes,250m 16 days EVI,12,12,one chunk shape per variable across 12 variables in 4 granules,granule shapes identical; concatenates on a new or length-one axis,not measured (parser bypasses the instrumented reader),"no projection attribute or spatial coordinate array reached the probe, so the grid is unmeasured, not absent",250m 16 days EVI: median stored chunk 0.006 MB in 4800 chunks — latency-bound,no time dimension,,sinusoidal tile h08v05,,,4,4,4,
B,multi-sensor (ITS_LIVE),NSIDC-0776,L3,netCDF-4,NASA NSIDC DAAC,us-west-2,partial,yes,yes,no,1500×1500,0.224,546,0.065,no,T: no time dimension,yes,yes,yes,count,9,9,one chunk shape per variable across 9 variables in 4 granules,granule shapes identical; concatenates on a new or length-one axis,"median 6 blocks in 5 runs, 15% leading",identical grid across granules — measured x/y on 2 granules; step -120.0,count: median stored chunk 0.224 MB in 30 chunks,no time dimension,,RGI region 03A,,,4,4,4,
B,multi-sensor (MUR SST),MUR-JPL-L4-GLOB-v4.1,L4,netCDF-4,NASA/JPL/PODAAC,us-west-2,no,yes,yes,yes,1×1023×2047,0.989,8878,4.886,yes,"H2: chunk shape differs for smaller variables (2 of 6 variables — mask: [1, 1447, 2895] vs [1, 1023, 2047]); analysed_sst is stable, so a cube over it is available; P-md: median 21 blocks in 16 runs, 7% leading; S1: units differ but no attribute that changes a decoded value does, so the cube is mislabelled rather than wrong — sea_ice_fraction.units: fraction (between 0 and 1) vs ∅",partial,yes,partial,analysed_sst,6,6,"chunk shape differs for smaller variables (2 of 6 variables — mask: [1, 1447, 2895] vs [1, 1023, 2047]); analysed_sst is stable, so a cube over it is available",granule shapes identical; concatenates on a new or length-one axis,"median 21 blocks in 16 runs, 7% leading",identical grid across granules — measured lat/lon on 2 granules; step 0.009995,analysed_sst: median stored chunk 0.989 MB in 324 chunks,"dimension ""time""",,,,,4,4,4,
D,Aqua/MODIS,MODISA_L3m_CHL,L3,netCDF-4,NASA/GSFC/SED/ESD/GCDC/OB.DAAC,us-west-2,partial,yes,no,no,44×87,0.0,27028,0.288,no,"H2: chunk shape differs across granules (1 of 2 variables — chlor_a: [44, 87] vs [16, 1024])",no,yes,yes,chlor_a,2,2,"chunk shape differs across granules (1 of 2 variables — chlor_a: [44, 87] vs [16, 1024])",granule shapes identical; concatenates on a new or length-one axis,"median 11 blocks in 1 runs, 9% leading",identical grid across granules — measured lat/lon on 2 granules; step -0.041664,chlor_a: median stored chunk 0.0 MB in 6165 chunks — latency-bound,no time dimension,,daily composite at 4 km,,,4,4,4,
D,Aura/OMI,OMDOAO3,L2,netCDF-4,NASA/GSFC/SED/ESD/TISL/GESDISC,us-west-2,yes,no,no,yes,1×1644×60,0.229,113357,1.107,yes,"H2: chunk shape differs across granules (52 of 57 variables — PRODUCT/SUPPORT_DATA/DETAILED_RESULTS/air_mass_factor: [1, 1644, 60] vs [1, 1643, 60] vs [1, 1494, 60])",no,yes,yes,PRODUCT/SUPPORT_DATA/DETAILED_RESULTS/air_mass_factor,57,57,"chunk shape differs across granules (52 of 57 variables — PRODUCT/SUPPORT_DATA/DETAILED_RESULTS/air_mass_factor: [1, 1644, 60] vs [1, 1643, 60] vs [1, 1494, 60])",granule shapes identical; concatenates on a new or length-one axis,"median 1 blocks in 1 runs, 100% leading","swath geometry: no projected grid, geolocation is a per-pixel array",PRODUCT/SUPPORT_DATA/DETAILED_RESULTS/air_mass_factor: median stored chunk 0.229 MB in 1 chunks,"dimension ""product/time""",,,,,4,4,4,
D,CERES,CERES_EBAF,L4,netCDF-4,NASA/LARC/SD/ASDC,us-west-2,no,yes,no,yes,104×60×120,1.432,3,0.006,yes,"H2: chunk shape differs across granules (123 of 248 variables — cldarea_total_daynight_mon: [104, 60, 120] vs [105, 60, 120])",no,yes,yes,cldarea_total_daynight_mon,248,248,"chunk shape differs across granules (123 of 248 variables — cldarea_total_daynight_mon: [104, 60, 120] vs [105, 60, 120])",granule shapes identical; concatenates on a new or length-one axis,"median 42 blocks in 42 runs, 10% leading",identical grid across granules — measured lat/lon on 2 granules; step 1.0,cldarea_total_daynight_mon: median stored chunk 1.432 MB in 27 chunks,"dimension ""time""",,,,,2,2,2,
D,GPM/DPR,GPM_2ADPR,L2,NetCDF,NASA/GSFC/SED/ESD/TISL/GESDISC,us-west-2,no,no,no,no,15×49×176×2,0.448,70448,26.899,yes,H3: interior partial chunk on concatenation (274 of 274 variables) — FS/PRE/zFactorMeasured dim 1: size 7925 not a multiple of chunk 15,yes,no,yes,FS/PRE/zFactorMeasured,274,274,one chunk shape per variable across 274 variables in 4 granules,interior partial chunk on concatenation (274 of 274 variables) — FS/PRE/zFactorMeasured dim 1: size 7925 not a multiple of chunk 15,"median 28 blocks in 26 runs, 4% leading","swath geometry: no projected grid, geolocation is a per-pixel array",FS/PRE/zFactorMeasured: median stored chunk 0.448 MB in 531 chunks,no time dimension,,,,,4,4,4,
D,ICESat-2/ATLAS,ATL03,L2A,HDF5,NASA NSIDC DAAC,us-west-2,yes,no,no,yes,100000,0.458,583529,413.627,yes,H3: interior partial chunk on concatenation (560 of 1007 variables) — gt3r/heights/lat_ph dim 1: size 6227159 not a multiple of chunk 100000,yes,no,yes,gt3r/heights/lat_ph,1007,1007,one chunk shape per variable across 1007 variables in 4 granules,interior partial chunk on concatenation (560 of 1007 variables) — gt3r/heights/lat_ph dim 1: size 6227159 not a multiple of chunk 100000,"median 4 blocks in 2 runs, 75% leading","swath geometry: no projected grid, geolocation is a per-pixel array",gt3r/heights/lat_ph: median stored chunk 0.458 MB in 46 chunks,"dimension ""ancillary_data/start_delta_time""",,,,,4,4,4,
D,ICESat-2/ATLAS,ATL06,L3,HDF5,NASA NSIDC DAAC,us-west-2,yes,—,no,yes,10000×748,0.339,438157,18.378,yes,H3: interior partial chunk on concatenation (488 of 551 variables) — gt3l/residual_histogram/count dim 1: size 491 not a multiple of chunk 10000,yes,no,yes,gt3l/residual_histogram/count,551,551,one chunk shape per variable across 551 variables in 4 granules,interior partial chunk on concatenation (488 of 551 variables) — gt3l/residual_histogram/count dim 1: size 491 not a multiple of chunk 10000,"median 3 blocks in 2 runs, 50% leading","no projection attribute or spatial coordinate array reached the probe, so the grid is unmeasured, not absent",gt3l/residual_histogram/count: median stored chunk 0.339 MB in 1 chunks,"dimension ""crossing_time""",,,,,4,4,4,
D,ISS/GEDI,GEDI02_B,L2B,HDF5,LP DAAC,us-west-2,partial,no,no,partial,14200,0.006,96872,5.306,no,H3: interior partial chunk on concatenation (112 of 1664 variables) — BEAM1000/rx_processing/pgap_theta_z_a10 dim 1: size 45160 not a multiple of chunk 14200,partial,no,yes,BEAM1000/rx_processing/pgap_theta_z_a10,1664,1664,"chunk shape differs for smaller variables (1472 of 1664 variables — BEAM0110/geolocation/elevation_bin0_a1: [9299] vs [14200]); BEAM1000/rx_processing/pgap_theta_z_a10 is stable, so a cube over it is available",interior partial chunk on concatenation (112 of 1664 variables) — BEAM1000/rx_processing/pgap_theta_z_a10 dim 1: size 45160 not a multiple of chunk 14200,"median 150 blocks in 1 runs, 6% leading","swath geometry: no projected grid, geolocation is a per-pixel array",BEAM1000/rx_processing/pgap_theta_z_a10: median stored chunk 0.006 MB in 50 chunks — latency-bound,"time variable ""beam0000/delta_time"" but no time dimension","O01753, O37238, T01683, T09057",,"the orbit and track numbers index position along the record, not a partition",,3,4,4,chunk index could not be read within the probe budget — exceeded the 480 s probe budget for one granule
D,MetOp-A/ASCAT,ASCATA-L2-Coastal,L2,netCDF-4,NASA/JPL/PODAAC,us-west-2,yes,no,no,partial,3251×82,0.17,57983,0.158,yes,"H2: chunk shape differs across granules (9 of 9 variables — bs_distance: [3251, 82] vs [3258, 82] vs [3264, 82])",no,yes,no,bs_distance,9,9,"chunk shape differs across granules (9 of 9 variables — bs_distance: [3251, 82] vs [3258, 82] vs [3264, 82])",granule shapes identical; concatenates on a new or length-one axis,"median 2 blocks in 1 runs, 42% leading","swath geometry: no projected grid, geolocation is a per-pixel array",bs_distance: median stored chunk 0.17 MB in 1 chunks,"time variable ""time"" but no time dimension",,,,,4,4,4,
D,NISAR/L-SAR,NISAR_L1_RSLC_PROVISIONAL_V1,L1,CSV+HDF5+KML+PDF+PNG+XML+YAML,ASF,us-west-2,yes,no,no,partial,512×512,0.989,121710,3169.88,no,"H3: granule extents differ on two or more axes (6 of 11 variables), so the granules are different regions rather than slices of one array — science/LSAR/RSLC/swaths/frequencyA/HH: 36480×52783 vs 53200×52968 vs 54720×52970 vs 54720×52967",partial,no,partial,science/LSAR/RSLC/swaths/frequencyA/HH,11,11,"chunk shape differs for smaller variables (5 of 11 variables — science/LSAR/RSLC/swaths/frequencyA/validSamplesSubSwath1: [36480, 2] vs [53200, 2] vs [54720, 2]); science/LSAR/RSLC/swaths/frequencyA/HH is stable, so a cube over it is available","granule extents differ on two or more axes (6 of 11 variables), so the granules are different regions rather than slices of one array — science/LSAR/RSLC/swaths/frequencyA/HH: 36480×52783 vs 53200×52968 vs 54720×52970 vs 54720×52967","median 4 blocks in 2 runs, 100% leading","swath geometry: granules agree on grid_mapping, which names a coordinate system without giving an origin or cell size",science/LSAR/RSLC/swaths/frequencyA/HH: median stored chunk 0.989 MB in 10972 chunks,"time variable ""science/lsar/rslc/metadata/attitude/time"" but no time dimension","F, N, P","track 004 ascending, frame 018, DHDH polarization","the mode and frame-coverage flags differ between acquisitions of one frame, which the fixed frame grid absorbs; the frame itself is pinned",,4,4,4,
D,PACE/OCI,PACE_OCI_L2_AOP,L2,netCDF-4,NASA/GSFC/SED/ESD/GCDC/OB.DAAC,us-west-2,no,no,no,partial,32×256×40,0.05,120491,28.902,no,H3: interior partial chunk on concatenation (20 of 31 variables) — geophysical_data/Rrs dim 1: size 1709 not a multiple of chunk 32,yes,no,yes,geophysical_data/Rrs,31,31,one chunk shape per variable across 31 variables in 4 granules,interior partial chunk on concatenation (20 of 31 variables) — geophysical_data/Rrs dim 1: size 1709 not a multiple of chunk 32,"median 54 blocks in 38 runs, 5% leading","swath geometry: no projected grid, geolocation is a per-pixel array",geophysical_data/Rrs: median stored chunk 0.05 MB in 1350 chunks,"time variable ""scan_line_attributes/time"" but no time dimension",,,,,4,4,4,
D,SMAP/L-band radiometer,SPL2SMP_E,L2,HDF5,NASA NSIDC DAAC,us-west-2,partial,no,no,partial,269166,1.283,120087,3.197,no,H2: chunk shape differs across granules (92 of 92 variables — Soil_Moisture_Retrieval_Data/tb_time_seconds: [269166] vs [268969] vs [267218] vs [268835]),no,yes,yes,Soil_Moisture_Retrieval_Data/tb_time_seconds,92,92,chunk shape differs across granules (92 of 92 variables — Soil_Moisture_Retrieval_Data/tb_time_seconds: [269166] vs [268969] vs [267218] vs [268835]),granule shapes identical; concatenates on a new or length-one axis,"median 25 blocks in 2 runs, 4% leading",grids differ — Soil_Moisture_Retrieval_Data_Polar/latitude spacing 0.028717041 vs 0.018031703,Soil_Moisture_Retrieval_Data/tb_time_seconds: median stored chunk 1.283 MB in 1 chunks,"time variable ""soil_moisture_retrieval_data/tb_time_seconds"" but no time dimension",,ascending half-orbits,,,4,4,4,
D,SWOT/KaRIn,SWOT_L2_HR_PIXC_2.0,L2,netCDF-4,NASA/JPL/PODAAC,us-west-2,partial,no,no,partial,402169,0.006,2996378,105.709,yes,H2: chunk shape differs across granules (83 of 83 variables — pixel_cloud/illumination_time: [402169] vs [410854] vs [384517] vs [386222]),no,yes,yes,pixel_cloud/illumination_time,83,83,chunk shape differs across granules (83 of 83 variables — pixel_cloud/illumination_time: [402169] vs [410854] vs [384517] vs [386222]),granule shapes identical; concatenates on a new or length-one axis,"median 29 blocks in 6 runs, 3% leading",grids differ — tvp/latitude spacing -1.2227e-5 vs -1.222e-5,pixel_cloud/illumination_time: median stored chunk 0.006 MB in 1 chunks — whole array in one request,"time variable ""pixel_cloud/illumination_time"" but no time dimension",,"pass 166, tile 299L",,,4,4,4,
D,SWOT/KaRIn,SWOT_L2_LR_SSH_2.0,L2,netCDF-4,NASA/JPL/PODAAC,us-west-2,partial,no,no,partial,9865×69,0.924,90959,0.911,yes,"H2: chunk shape differs across granules (23 of 23 variables — geoid: [9865, 69] vs [9866, 69])",no,yes,yes,geoid,23,23,"chunk shape differs across granules (23 of 23 variables — geoid: [9865, 69] vs [9866, 69])",granule shapes identical; concatenates on a new or length-one axis,"median 10 blocks in 1 runs, 10% leading","swath geometry: no projected grid, geolocation is a per-pixel array",geoid: median stored chunk 0.924 MB in 1 chunks,"time variable ""time"" but no time dimension","PGC0, PIC2",the Basic product file,the two processing versions are both part of the record; the product file is pinned,,4,4,4,
D,Suomi-NPP/VIIRS,VIIRSN_L3m_CHL,L3,netCDF-4,NASA/GSFC/SED/ESD/GCDC/OB.DAAC,us-west-2,partial,yes,no,no,44×87,0.001,13910,0.238,no,"H2: chunk shape differs across granules (1 of 2 variables — chlor_a: [44, 87] vs [16, 1024])",no,yes,yes,chlor_a,2,2,"chunk shape differs across granules (1 of 2 variables — chlor_a: [44, 87] vs [16, 1024])",granule shapes identical; concatenates on a new or length-one axis,"median 16 blocks in 2 runs, 6% leading",identical grid across granules — measured lat/lon on 2 granules; step -0.041664,chlor_a: median stored chunk 0.001 MB in 6165 chunks — latency-bound,no time dimension,,daily composite at 4 km,,,4,4,4,
D,TEMPO,TEMPO_NO2_L2,L2,netCDF-4,NASA/LARC/SD/ASDC,us-west-2,no,no,no,partial,123×128×72,0.237,123089,17.318,yes,"H2: chunk shape differs across granules (40 of 41 variables — support_data/gas_profile: [123, 128, 72] vs [128, 128, 72])",no,yes,yes,support_data/gas_profile,41,41,"chunk shape differs across granules (40 of 41 variables — support_data/gas_profile: [123, 128, 72] vs [128, 128, 72])",granule shapes identical; concatenates on a new or length-one axis,"median 10 blocks in 9 runs, 10% leading","swath geometry: no projected grid, geolocation is a per-pixel array",support_data/gas_profile: median stored chunk 0.237 MB in 24 chunks,"time variable ""geolocation/time"" but no time dimension","S001G01, S002G01, S003G01, S004G01",mirror step G01 of each scan,the scan number is the time step; the mirror step within a scan is pinned,,4,4,4,
F,Aqua/AIRS,AIRS2RET,L2,HDF-EOS,NASA/GSFC/SED/ESD/TISL/GESDISC,us-west-2,—,—,—,—,—,NaN,2072654,NaN,yes,H0: parser refused all 4 granules opened: HDF4 backend cannot read the HDF-EOS2 vgroup holding the data-block references,—,—,—,,0,0,no granule opened,no granule opened,not measured (parser bypasses the instrumented reader),no granule opened,no granule opened,no granule opened,,,,,0,4,4,HDF4 backend cannot read the HDF-EOS2 vgroup holding the data-block references
F,Aqua/MODIS,MYD04_L2,L2,HDF-EOS,NASA/GSFC/SED/ESD/HBSL/BISB/LAADS,us-west-2,—,—,—,—,—,NaN,1365731,NaN,no,H0: parser refused all 4 granules opened: HDF4 backend derived a dimension-name list of the wrong length for the array's rank,—,—,—,,0,0,no granule opened,no granule opened,not measured (parser bypasses the instrumented reader),no granule opened,no granule opened,no granule opened,,,,,0,4,4,HDF4 backend derived a dimension-name list of the wrong length for the array's rank
F,Aqua/MODIS+CERES,CER_SSF1deg-Day_Aqua-MODIS,L3,HDF4,NASA/LARC/SD/ASDC,us-west-2,—,—,—,—,—,NaN,278,NaN,no,H0: parser refused all 3 granules opened: HDF4 backend failed decoding a vgroup name as UTF-8,—,—,—,,0,0,no granule opened,no granule opened,not measured (parser bypasses the instrumented reader),no granule opened,no granule opened,no granule opened,,,,,0,4,4,"HDF4 backend failed decoding a vgroup name as UTF-8; probe limit, not a data property — granule is 897 MB; above the 839 MB copy-to-disk limit for kerchunk-backed parsers"
F,CALIPSO/CALIOP,CAL_LID_L1-Standard-V4-51,L1B,HDF4,NASA/LARC/SD/ASDC,us-west-2,—,—,—,—,—,NaN,162326,NaN,no,H0: parser refused all 4 granules opened: HDF4 backend failed decoding a vgroup name as UTF-8,—,—,—,,0,0,no granule opened,no granule opened,not measured (parser bypasses the instrumented reader),no granule opened,no granule opened,no granule opened,"#ZD, #ZN",,day and night granules are both part of the record,,0,4,4,HDF4 backend failed decoding a vgroup name as UTF-8
F,GRACE-FO,GRACEFO_L2_JPL_MONTHLY_0063,L2,ASCII,NASA/JPL/PODAAC,us-west-2,—,—,—,—,—,NaN,576,NaN,no,H0: parser refused all 4 granules opened: no VirtualiZarr parser reads ASCII,—,—,—,,0,0,no granule opened,no granule opened,not measured (parser bypasses the instrumented reader),no granule opened,no granule opened,no granule opened,,"the GSM gravity-field product, solution BA01",,,0,4,4,no VirtualiZarr parser reads ASCII
F,ICESat-2/ATLAS,ATL11,L3,HDF5,NASA NSIDC DAAC,us-west-2,no,—,—,—,—,NaN,8105,NaN,no,H0: parser refused all 4 granules opened: file attaches several dimension scales to one axis; a Zarr array names each axis once,—,—,—,,0,0,no granule opened,no granule opened,"median 18 blocks in 3 runs, 12% leading; index still unread when abandoned",no granule opened,no granule opened,no granule opened,,,,,0,4,4,file attaches several dimension scales to one axis; a Zarr array names each axis once
F,Shuttle/SRTM,SRTMGL1,L3,HGT,LP DAAC,us-west-2,—,—,—,—,—,NaN,14297,NaN,no,H0: parser refused all 1 granules opened: no VirtualiZarr parser reads HGT,—,—,—,,0,0,no granule opened,no granule opened,not measured (parser bypasses the instrumented reader),no granule opened,no granule opened,no granule opened,,the 1° tile at 0°N 13°E,,,0,1,1,no VirtualiZarr parser reads HGT
F,Suomi-NPP/VIIRS,VNP09GA,L2G,HDF-EOS5,LP DAAC,us-west-2,no,—,—,—,—,NaN,1999495,NaN,yes,H0: parser refused all 4 granules opened: file stores a string _FillValue on a numeric variable; Zarr requires a number,—,—,—,,0,0,no granule opened,no granule opened,"median 4 blocks in 4 runs, 29% leading; index still unread when abandoned",no granule opened,no granule opened,no granule opened,,sinusoidal tile h08v05,,,0,4,4,file stores a string _FillValue on a numeric variable; Zarr requires a number
F,Terra/MISR,MIL2TCST,L2,HDF-EOS2,NASA/LARC/SD/ASDC,us-west-2,—,no,—,no,—,NaN,176026,12.247,no,"H0: parser accepted all 4 granules but returned a store with no arrays, so no chunk manifest can be written",—,—,—,,0,0,no data array appears in two opened granules,no data array appears in two opened granules,not measured (parser bypasses the instrumented reader),"swath geometry: no projected grid, geolocation is a per-pixel array",no data array recorded,file declares no dimension names,"F06, F07, F08",orbital path 020,the three product versions are all part of the record; the orbital path is pinned,A/D,4,4,4,
F,Terra/MODIS,MOD09GA,L2G,HDF-EOS2,LP DAAC,us-west-2,—,—,—,—,—,NaN,3071812,NaN,no,H0: parser refused all 4 granules opened: HDF4 backend cannot read the HDF-EOS2 vgroup holding the data-block references,—,—,—,,0,0,no granule opened,no granule opened,not measured (parser bypasses the instrumented reader),no granule opened,no granule opened,no granule opened,,sinusoidal tile h08v05,,,0,4,4,HDF4 backend cannot read the HDF-EOS2 vgroup holding the data-block references
F,Terra/MODIS,MOD35_L2,L2,HDF-EOS,NASA/GSFC/SED/ESD/HBSL/BISB/LAADS,us-west-2,—,—,—,—,—,NaN,2756851,NaN,no,H0: parser refused all 4 granules opened: HDF4 backend derived a dimension-name list of the wrong length for the array's rank,—,—,—,,0,0,no granule opened,no granule opened,not measured (parser bypasses the instrumented reader),no granule opened,no granule opened,no granule opened,,,,,0,4,4,HDF4 backend derived a dimension-name list of the wrong length for the array's rank
U,MERRA-2 (model),M2I3NPASM,L4,NetCDF,NASA/GSFC/SED/ESD/TISL/GESDISC,us-west-2,no,—,—,—,—,NaN,17015,NaN,yes,"H0: no granule's layout was read: 1 of 4 exhausted the probe budget, 3 not attempted; nothing refused the file itself",—,—,—,,0,0,no granule opened,no granule opened,"median 197 blocks in 11 runs, 26% leading; index still unread when abandoned",no granule opened,no granule opened,no granule opened,,,,,0,1,4,chunk index could not be read within the probe budget — exceeded the 480 s probe budget for one granule; not attempted: an earlier granule exhausted the probe budget
U,MERRA-2 (model),M2T1NXSLV,L4,NetCDF,NASA/GSFC/SED/ESD/TISL/GESDISC,us-west-2,no,—,—,—,—,NaN,17015,NaN,yes,"H0: no granule's layout was read: 1 of 4 exhausted the probe budget, 3 not attempted; nothing refused the file itself",—,—,—,,0,0,no granule opened,no granule opened,"median 197 blocks in 22 runs, 8% leading; index still unread when abandoned",no granule opened,no granule opened,no granule opened,,,,,0,1,4,chunk index could not be read within the probe budget — exceeded the 480 s probe budget for one granule; not attempted: an earlier granule exhausted the probe budget
